[
  {
    "id": "899418ee-6484-42a0-8399-d016df27f0cf",
    "data": [
      {
        "text": "Nothing else thanks",
        "userDefined": false
      }
    ],
    "isTemplate": false,
    "count": 0,
    "lang": "en",
    "updated": 0
  },
  {
    "id": "5afc4343-5491-4466-95eb-ccafcfd1fd36",
    "data": [
      {
        "text": "Im finished",
        "userDefined": false
      }
    ],
    "isTemplate": false,
    "count": 1,
    "lang": "en",
    "updated": 0
  },
  {
    "id": "f06fa86a-882f-44d1-a50f-771917ea9683",
    "data": [
      {
        "text": "All done with the order",
        "userDefined": false
      }
    ],
    "isTemplate": false,
    "count": 0,
    "lang": "en",
    "updated": 0
  },
  {
    "id": "c3c1575c-d7eb-48ad-9ec8-12a0bce48566",
    "data": [
      {
        "text": "Nothing else thank you",
        "userDefined": false
      }
    ],
    "isTemplate": false,
    "count": 0,
    "lang": "en",
    "updated": 0
  },
  {
    "id": "430d50e0-64e7-457e-9c29-df87af4a6004",
    "data": [
      {
        "text": "That\u0027s it",
        "userDefined": false
      }
    ],
    "isTemplate": false,
    "count": 0,
    "lang": "en",
    "updated": 0
  },
  {
    "id": "9a26ba13-3ec8-42ff-99ab-1b877b858a69",
    "data": [
      {
        "text": "Complete the order",
        "userDefined": false
      }
    ],
    "isTemplate": false,
    "count": 0,
    "lang": "en",
    "updated": 0
  }
]