[
  {
    "id": "244e7486-0c00-458c-9c02-5deb37342e0a",
    "data": [
      {
        "text": "Good Morning",
        "userDefined": false
      }
    ],
    "isTemplate": false,
    "count": 0,
    "lang": "en",
    "updated": 0
  },
  {
    "id": "6056a2c9-2ee9-4a39-95b3-54c8ae80ce0f",
    "data": [
      {
        "text": "Good Day",
        "userDefined": false
      }
    ],
    "isTemplate": false,
    "count": 0,
    "lang": "en",
    "updated": 0
  },
  {
    "id": "ae0f995f-a1d6-4e4c-a223-c567c2fe7a1b",
    "data": [
      {
        "text": "Ahem",
        "userDefined": false
      }
    ],
    "isTemplate": false,
    "count": 0,
    "lang": "en",
    "updated": 0
  },
  {
    "id": "5163375f-f93c-4b1d-ab5d-927c0185ed67",
    "data": [
      {
        "text": "How are you",
        "userDefined": false
      }
    ],
    "isTemplate": false,
    "count": 0,
    "lang": "en",
    "updated": 0
  },
  {
    "id": "76efa098-382b-4579-9d14-7c9953f46ac5",
    "data": [
      {
        "text": "Yo",
        "userDefined": false
      }
    ],
    "isTemplate": false,
    "count": 0,
    "lang": "en",
    "updated": 0
  },
  {
    "id": "6f87abb6-d861-4b32-8b6d-67e942b28769",
    "data": [
      {
        "text": "Hi",
        "userDefined": false
      }
    ],
    "isTemplate": false,
    "count": 0,
    "lang": "en",
    "updated": 0
  },
  {
    "id": "2d858f0b-6bfb-4369-92a1-79a2252a9d0b",
    "data": [
      {
        "text": "Hello",
        "userDefined": false
      }
    ],
    "isTemplate": false,
    "count": 0,
    "lang": "en",
    "updated": 0
  }
]