[
  {
    "id": "a6101725-3070-437e-bbd0-4229ea015a4a",
    "data": [
      {
        "text": "Whats my current order",
        "userDefined": false
      }
    ],
    "isTemplate": false,
    "count": 1,
    "lang": "en",
    "updated": 0
  },
  {
    "id": "c706a555-7efe-454a-b537-9be80aea1124",
    "data": [
      {
        "text": "current order",
        "userDefined": false
      }
    ],
    "isTemplate": false,
    "count": 0,
    "lang": "en",
    "updated": 0
  },
  {
    "id": "7eb3940e-f7a6-4cd1-ac74-f9698bb4d2e9",
    "data": [
      {
        "text": "Give me my current order.",
        "userDefined": false
      }
    ],
    "isTemplate": false,
    "count": 0,
    "lang": "en",
    "updated": 0
  },
  {
    "id": "d490ab09-f9d2-4012-9f12-85b8a5c98d32",
    "data": [
      {
        "text": "What have I ordered so far?",
        "userDefined": false
      }
    ],
    "isTemplate": false,
    "count": 0,
    "lang": "en",
    "updated": 0
  },
  {
    "id": "8bc2bbc0-cdc2-417e-992b-4ef34e87e1cf",
    "data": [
      {
        "text": "What\u0027s my current order?",
        "userDefined": false
      }
    ],
    "isTemplate": false,
    "count": 0,
    "lang": "en",
    "updated": 0
  }
]