[
  {
    "id": "768e8708-36b6-48e4-a0cc-3452ea01ae69",
    "data": [
      {
        "text": "place a new order",
        "userDefined": false
      }
    ],
    "isTemplate": false,
    "count": 0,
    "lang": "en",
    "updated": 0
  },
  {
    "id": "59635c2d-057a-4ba7-b9e6-def98b3a4dfa",
    "data": [
      {
        "text": "I\u0027d like to place a new order",
        "userDefined": false
      }
    ],
    "isTemplate": false,
    "count": 0,
    "lang": "en",
    "updated": 0
  },
  {
    "id": "8ad174b9-dc6f-4c11-b6b9-5b53bbb9168f",
    "data": [
      {
        "text": "a fresh order",
        "userDefined": false
      }
    ],
    "isTemplate": false,
    "count": 0,
    "lang": "en",
    "updated": 0
  },
  {
    "id": "c97375db-0632-4d5a-afaf-6e3f89749293",
    "data": [
      {
        "text": "a new order",
        "userDefined": false
      }
    ],
    "isTemplate": false,
    "count": 0,
    "lang": "en",
    "updated": 0
  },
  {
    "id": "c511cd5b-4751-4648-8af1-e6e6961d5061",
    "data": [
      {
        "text": "new new",
        "userDefined": false
      }
    ],
    "isTemplate": false,
    "count": 0,
    "lang": "en",
    "updated": 0
  },
  {
    "id": "1e2b1c21-a2e5-4977-a2ac-1747deccdd4b",
    "data": [
      {
        "text": "orden nuevo",
        "userDefined": false
      }
    ],
    "isTemplate": false,
    "count": 0,
    "lang": "en",
    "updated": 0
  },
  {
    "id": "51b19c6a-2905-44da-b864-48241a35d138",
    "data": [
      {
        "text": "New Order",
        "userDefined": false
      }
    ],
    "isTemplate": false,
    "count": 1,
    "lang": "en",
    "updated": 0
  },
  {
    "id": "3a09d85d-5b0d-4477-8dec-8f7f642711a9",
    "data": [
      {
        "text": "im hungry",
        "userDefined": false
      }
    ],
    "isTemplate": false,
    "count": 1,
    "lang": "en",
    "updated": 0
  }
]