[
  {
    "id": "da48d4b5-fde0-4a3e-affa-98ac1473dc03",
    "data": [
      {
        "text": "track my order",
        "userDefined": false
      }
    ],
    "isTemplate": false,
    "count": 0,
    "lang": "en",
    "updated": 0
  },
  {
    "id": "0ca4d90a-13f2-4cc8-9dc1-f3d17a886fac",
    "data": [
      {
        "text": "What is the status of my order",
        "userDefined": false
      }
    ],
    "isTemplate": false,
    "count": 1,
    "lang": "en",
    "updated": 0
  },
  {
    "id": "775452df-1495-486c-bd27-e3d31f8c5699",
    "data": [
      {
        "text": "eta",
        "userDefined": false
      }
    ],
    "isTemplate": false,
    "count": 0,
    "lang": "en",
    "updated": 0
  },
  {
    "id": "05af5646-2372-4320-b408-8f47f969b19c",
    "data": [
      {
        "text": "order track",
        "userDefined": false
      }
    ],
    "isTemplate": false,
    "count": 1,
    "lang": "en",
    "updated": 0
  },
  {
    "id": "7031d8e8-f076-4508-a6e4-8b8b7e7ca20c",
    "data": [
      {
        "text": "where is my order",
        "userDefined": false
      }
    ],
    "isTemplate": false,
    "count": 0,
    "lang": "en",
    "updated": 0
  },
  {
    "id": "fe8032b8-10ce-4b51-8faf-c1e557b5f803",
    "data": [
      {
        "text": "track",
        "userDefined": false
      }
    ],
    "isTemplate": false,
    "count": 1,
    "lang": "en",
    "updated": 0
  }
]