[
  {
    "id": "040d1c5b-79c0-4719-98f6-d8e0a4b3354d",
    "data": [
      {
        "text": "Remove ",
        "userDefined": false
      },
      {
        "text": "3",
        "meta": "@sys.number",
        "alias": "number",
        "userDefined": false
      },
      {
        "text": " ",
        "userDefined": false
      },
      {
        "text": "pigs in blanket",
        "meta": "@food-items",
        "alias": "food-items",
        "userDefined": false
      },
      {
        "text": " from order",
        "userDefined": false
      }
    ],
    "isTemplate": false,
    "count": 0,
    "lang": "en",
    "updated": 0
  },
  {
    "id": "57080cbd-a7df-4a51-9b61-ce8930bb85b4",
    "data": [
      {
        "text": "I dont want the ",
        "userDefined": false
      },
      {
        "text": "2",
        "meta": "@sys.number",
        "alias": "number",
        "userDefined": false
      },
      {
        "text": " ",
        "userDefined": false
      },
      {
        "text": "shakes.",
        "meta": "@food-items",
        "alias": "food-items",
        "userDefined": false
      },
      {
        "text": "  Please remove.",
        "userDefined": false
      }
    ],
    "isTemplate": false,
    "count": 0,
    "lang": "en",
    "updated": 0
  },
  {
    "id": "2b98192a-183f-48eb-93ea-f1b162df8367",
    "data": [
      {
        "text": "please remove ",
        "userDefined": false
      },
      {
        "text": "5",
        "meta": "@sys.number",
        "alias": "number",
        "userDefined": false
      },
      {
        "text": " ",
        "userDefined": false
      },
      {
        "text": "pancakes",
        "meta": "@food-items",
        "alias": "food-items",
        "userDefined": false
      },
      {
        "text": " from the order",
        "userDefined": false
      }
    ],
    "isTemplate": false,
    "count": 0,
    "lang": "en",
    "updated": 0
  },
  {
    "id": "07d5a059-3ff8-41e0-a6d3-6ea94038f422",
    "data": [
      {
        "text": "please remove ",
        "userDefined": false
      },
      {
        "text": "3",
        "meta": "@sys.number",
        "alias": "number",
        "userDefined": false
      },
      {
        "text": " ",
        "userDefined": false
      },
      {
        "text": "shakes",
        "meta": "@food-items",
        "alias": "food-items",
        "userDefined": false
      },
      {
        "text": " from the order",
        "userDefined": false
      }
    ],
    "isTemplate": false,
    "count": 0,
    "lang": "en",
    "updated": 0
  },
  {
    "id": "bc523100-4d64-49fe-9377-83e97ee5c494",
    "data": [
      {
        "text": "please remove ",
        "userDefined": false
      },
      {
        "text": "1",
        "meta": "@sys.number",
        "alias": "number",
        "userDefined": false
      },
      {
        "text": " ",
        "userDefined": false
      },
      {
        "text": "sandwich",
        "meta": "@food-items",
        "alias": "food-items",
        "userDefined": false
      },
      {
        "text": " from the order",
        "userDefined": false
      }
    ],
    "isTemplate": false,
    "count": 0,
    "lang": "en",
    "updated": 0
  },
  {
    "id": "76e80737-ada5-4b11-bbb6-f6aa55aed71f",
    "data": [
      {
        "text": "Please remove ",
        "userDefined": false
      },
      {
        "text": "2",
        "meta": "@sys.number",
        "alias": "number",
        "userDefined": false
      },
      {
        "text": " ",
        "userDefined": false
      },
      {
        "text": "burritos",
        "meta": "@food-items",
        "alias": "food-items",
        "userDefined": false
      },
      {
        "text": " from the order",
        "userDefined": false
      }
    ],
    "isTemplate": false,
    "count": 0,
    "lang": "en",
    "updated": 0
  }
]