[
  {
    "value": "donuts",
    "synonyms": [
      "donuts",
      "glazed donut",
      "donut",
      "doughnuts",
      "sweet rings",
      "pastry rings",
      "fried dough",
      "circular pastries",
      "sugary treats",
      "ring-shaped desserts"
    ]
  },
  {
    "value": "burrito",
    "synonyms": [
      "burrito",
      "sausage burrito",
      "burrrito",
      "burritto",
      "wrap",
      "Mexican wrap",
      "rolled tortilla",
      "tasty bundle",
      "flour tortilla roll",
      "filled tortilla"
    ]
  },
  {
    "value": "sandwich",
    "synonyms": [
      "sandwich",
      "sandwhich",
      "sanwhich",
      "bocadillo",
      "sub",
      "hoagie",
      "grinder",
      "hero",
      "po' boy",
      "sammie"
    ]
  },
  {
    "value": "pig in blanket",
    "synonyms": [
      "pig in blanket",
      "pig",
      "puerco",
      "chorizo",
      "sausage roll",
      "sausage wrapped in dough",
      "sausage in pastry",
      "sausage wrapped in a blanket",
      "sausage-in-dough",
      "sausage-wrapped snack"
    ]
  },
  {
    "value": "pancake",
    "synonyms": [
      "pancake",
      "pancakes",
      "cakes",
      "flapjack",
      "griddlecake",
      "hotcake",
      "fluffy disk",
      "breakfast cake",
      "syrup sponge",
      "battercake"
    ]
  }
]
